ilvN	crp	mpl	azuC	glgA	cyaA	glpE	dksA	cpdB	hofC
0.6300650	0.5368401	0.4842055	0.1357977	0.1182928	0.1173338	0.3078276	0.3204094	0.4262710	0.9994662
