ilvN	crp	mpl	azuC	glgA	cyaA	glpE	dksA	cpdB	hofC
0.6300658	0.5368399	0.4842037	0.1357975	0.1182885	0.1173336	0.3078275	0.3204097	0.4262716	0.9994678
