k-means,BASC_A,onestep,shmulevich
0.08732523606300682,0.1333982586699699,0.13272587922471946,0.23511521244852887
